{
  "layer0/window_kv": {
    "elements": 2304,
    "amax": 3.328873872756958,
    "mean_abs": 0.8100686288542218,
    "rms": 0.9914065823037976,
    "rms_qdq_err": 0.026058791845374796,
    "per_group_amax": [
      3.328873872756958,
      2.794215679168701,
      2.6424593925476074
    ],
    "scale_group_size": 8
  },
  "layer1/compressed_kv": {
    "elements": 576,
    "amax": 2.304295063018799,
    "mean_abs": 0.8245826164881388,
    "rms": 0.9990564670035219,
    "rms_qdq_err": 0.024963784233974856,
    "per_group_amax": [
      2.2709953784942627,
      2.304295063018799,
      2.2864506244659424
    ],
    "scale_group_size": 8
  },
  "layer1/indexer_kv": {
    "elements": 384,
    "amax": 3.1266677379608154,
    "mean_abs": 0.8170232822497686,
    "rms": 0.9998566132306369,
    "rms_qdq_err": 0.1129615701563204,
    "per_group_amax": [
      3.1266677379608154
    ],
    "scale_group_size": 16
  },
  "layer1/window_kv": {
    "elements": 2304,
    "amax": 3.4214093685150146,
    "mean_abs": 0.8047463844219843,
    "rms": 0.9991345137183707,
    "rms_qdq_err": 0.026144215354989106,
    "per_group_amax": [
      2.806189775466919,
      2.7655324935913086,
      3.4214093685150146
    ],
    "scale_group_size": 8
  },
  "layer2/compressed_kv": {
    "elements": 288,
    "amax": 2.8660943508148193,
    "mean_abs": 0.8025581174426608,
    "rms": 0.9952356968605484,
    "rms_qdq_err": 0.0282316457286999,
    "per_group_amax": [
      2.8660943508148193,
      2.5788614749908447,
      2.5304839611053467
    ],
    "scale_group_size": 8
  },
  "layer2/window_kv": {
    "elements": 2304,
    "amax": 3.2816500663757324,
    "mean_abs": 0.7894431749979655,
    "rms": 0.9891986023753784,
    "rms_qdq_err": 0.025587312485081767,
    "per_group_amax": [
      3.2667510509490967,
      3.203989267349243,
      3.2816500663757324
    ],
    "scale_group_size": 8
  }
}
