{
  "max_abs_logit_err": 0.1172594502568245,
  "mean_abs_logit_err": 0.005753857549279928,
  "rms_logit_err": 0.011325319297611713,
  "kl_mean": 6.344955181702971e-05,
  "kl_max": 0.000976925017312169,
  "top1_agreement": 0.9375,
  "nan_count": 0,
  "inf_count": 0,
  "nll_baseline": 4.870062828063965,
  "nll_quantized": 4.869621276855469,
  "nll_delta": -0.00044155120849609375
}
